--
-- Script was generated by Devart dbForge Studio for MySQL, Version 6.3.358.0
-- Product home page: http://www.devart.com/dbforge/mysql/studio
-- Script date 16/04/2017 4:12:50 CH
-- Server version: 5.5.5-10.1.16-MariaDB
-- Client version: 4.1
--


--
-- Definition for database quanlybanhang
--
DROP DATABASE IF EXISTS quanlybanhang;
CREATE DATABASE IF NOT EXISTS quanlybanhang
	CHARACTER SET utf8mb4
	COLLATE utf8mb4_general_ci;

-- 
-- Disable foreign keys
-- 
/*!40014 SET @OLD_FOREIGN_KEY_CHECKS=@@FOREIGN_KEY_CHECKS, FOREIGN_KEY_CHECKS=0 */;

-- 
-- Set SQL mode
-- 
/*!40101 SET @OLD_SQL_MODE=@@SQL_MODE, SQL_MODE='NO_AUTO_VALUE_ON_ZERO' */;

-- 
-- Set character set the client will use to send SQL statements to the server
--
SET NAMES 'utf8';

-- 
-- Set default database
--
USE quanlybanhang;

--
-- Definition for table khachhang
--
CREATE TABLE IF NOT EXISTS khachhang (
  MaKhachhang INT(11) UNSIGNED NOT NULL AUTO_INCREMENT,
  HoTen VARCHAR(255) CHARACTER SET utf8 COLLATE utf8_general_ci NOT NULL,
  SDT VARCHAR(255) NOT NULL,
  Email VARCHAR(50) DEFAULT NULL,
  DiaChi VARCHAR(255) CHARACTER SET utf8 COLLATE utf8_general_ci NOT NULL,
  UserName VARCHAR(50) DEFAULT NULL,
  Password TEXT DEFAULT NULL,
  PRIMARY KEY (MaKhachhang),
  UNIQUE INDEX Email (Email),
  UNIQUE INDEX UserName (UserName)
)
ENGINE = INNODB
AUTO_INCREMENT = 63
AVG_ROW_LENGTH = 3276
CHARACTER SET utf8mb4
COLLATE utf8mb4_general_ci;

--
-- Definition for table loaihinhhanghoa
--
CREATE TABLE IF NOT EXISTS loaihinhhanghoa (
  MaLoaiHinh INT(11) UNSIGNED NOT NULL AUTO_INCREMENT,
  TenLoaiHinh VARCHAR(255) CHARACTER SET utf8 COLLATE utf8_general_ci NOT NULL,
  MoTa VARCHAR(255) DEFAULT NULL,
  PRIMARY KEY (MaLoaiHinh)
)
ENGINE = INNODB
AUTO_INCREMENT = 5
AVG_ROW_LENGTH = 4096
CHARACTER SET utf8mb4
COLLATE utf8mb4_general_ci;

--
-- Definition for table nhacungcap
--
CREATE TABLE IF NOT EXISTS nhacungcap (
  MaNhaCungCap INT(11) UNSIGNED NOT NULL AUTO_INCREMENT,
  TenNhaCungCap VARCHAR(255) CHARACTER SET utf8 COLLATE utf8_general_ci NOT NULL,
  SDT VARCHAR(30) DEFAULT NULL,
  DiaChi VARCHAR(255) CHARACTER SET utf8 COLLATE utf8_general_ci NOT NULL,
  GhiChu VARCHAR(255) DEFAULT NULL,
  PRIMARY KEY (MaNhaCungCap)
)
ENGINE = INNODB
AUTO_INCREMENT = 2
AVG_ROW_LENGTH = 8192
CHARACTER SET utf8mb4
COLLATE utf8mb4_general_ci;

--
-- Definition for table thongtinshop
--
CREATE TABLE IF NOT EXISTS thongtinshop (
  TenShop VARCHAR(255) CHARACTER SET utf8 COLLATE utf8_general_ci DEFAULT NULL,
  SDT VARCHAR(255) CHARACTER SET utf8 COLLATE utf8_general_ci DEFAULT NULL,
  DiaChi VARCHAR(255) CHARACTER SET utf8 COLLATE utf8_general_ci DEFAULT NULL,
  ThongTin VARCHAR(255) CHARACTER SET utf8 COLLATE utf8_general_ci DEFAULT NULL,
  Email VARCHAR(50) DEFAULT NULL,
  id INT(11) NOT NULL,
  PRIMARY KEY (id)
)
ENGINE = INNODB
AVG_ROW_LENGTH = 16384
CHARACTER SET utf8mb4
COLLATE utf8mb4_general_ci;

--
-- Definition for table dathang
--
CREATE TABLE IF NOT EXISTS dathang (
  MaDonHang INT(11) UNSIGNED NOT NULL AUTO_INCREMENT,
  KhachHang INT(11) UNSIGNED NOT NULL,
  NgayDatHang DATETIME NOT NULL,
  PhuThu FLOAT NOT NULL,
  GiamGia FLOAT NOT NULL,
  TongTien FLOAT NOT NULL,
  TrangThai VARCHAR(255) DEFAULT NULL,
  GhiChu VARCHAR(255) DEFAULT NULL,
  PRIMARY KEY (MaDonHang),
  CONSTRAINT FK_dathang_khachhang_MaKhachhang FOREIGN KEY (KhachHang)
    REFERENCES khachhang(MaKhachhang) ON DELETE RESTRICT ON UPDATE RESTRICT
)
ENGINE = INNODB
AUTO_INCREMENT = 295
AVG_ROW_LENGTH = 4096
CHARACTER SET utf8mb4
COLLATE utf8mb4_general_ci;

--
-- Definition for table loaihanghoa
--
CREATE TABLE IF NOT EXISTS loaihanghoa (
  MaLoai INT(11) UNSIGNED NOT NULL AUTO_INCREMENT,
  TenLoai VARCHAR(255) CHARACTER SET utf8 COLLATE utf8_general_ci NOT NULL,
  LoaiHinh INT(11) UNSIGNED NOT NULL,
  MoTa VARCHAR(255) DEFAULT NULL,
  PRIMARY KEY (MaLoai),
  CONSTRAINT FK_loaihanghoa_loaihinhhanghoa_MaLoaiHinh FOREIGN KEY (LoaiHinh)
    REFERENCES loaihinhhanghoa(MaLoaiHinh) ON DELETE RESTRICT ON UPDATE RESTRICT
)
ENGINE = INNODB
AUTO_INCREMENT = 11
AVG_ROW_LENGTH = 1638
CHARACTER SET utf8mb4
COLLATE utf8mb4_general_ci;

--
-- Definition for table sanpham
--
CREATE TABLE IF NOT EXISTS sanpham (
  MaSanPham INT(11) UNSIGNED NOT NULL AUTO_INCREMENT,
  TenSanPham VARCHAR(255) CHARACTER SET utf8 COLLATE utf8_general_ci NOT NULL,
  LoaiSanPham INT(11) UNSIGNED NOT NULL,
  XuatXu VARCHAR(255) CHARACTER SET utf8 COLLATE utf8_general_ci NOT NULL,
  GiaThuong FLOAT UNSIGNED NOT NULL,
  GiaKhuyenMai FLOAT UNSIGNED NOT NULL,
  GioiThieu VARCHAR(255) CHARACTER SET utf8 COLLATE utf8_general_ci NOT NULL,
  NhaCungCap INT(11) UNSIGNED NOT NULL,
  TinhTrang VARCHAR(255) CHARACTER SET utf8 COLLATE utf8_general_ci NOT NULL,
  ThongTin VARCHAR(255) CHARACTER SET utf8 COLLATE utf8_general_ci NOT NULL,
  KhuyenMai VARCHAR(255) CHARACTER SET utf8 COLLATE utf8_general_ci NOT NULL,
  ThuongHieu VARCHAR(255) CHARACTER SET utf8 COLLATE utf8_general_ci NOT NULL,
  LuotMua INT(11) UNSIGNED DEFAULT NULL,
  Banner VARCHAR(255) DEFAULT NULL,
  HinhBanner VARCHAR(255) DEFAULT NULL,
  PRIMARY KEY (MaSanPham),
  CONSTRAINT FK_sanpham_loaihanghoa_MaLoai FOREIGN KEY (LoaiSanPham)
    REFERENCES loaihanghoa(MaLoai) ON DELETE RESTRICT ON UPDATE RESTRICT,
  CONSTRAINT FK_sanpham_nhacungcap_MaNhaCungCap FOREIGN KEY (NhaCungCap)
    REFERENCES nhacungcap(MaNhaCungCap) ON DELETE RESTRICT ON UPDATE RESTRICT
)
ENGINE = INNODB
AUTO_INCREMENT = 50
AVG_ROW_LENGTH = 1365
CHARACTER SET utf8mb4
COLLATE utf8mb4_general_ci;

--
-- Definition for table chitietdathang
--
CREATE TABLE IF NOT EXISTS chitietdathang (
  MaDonHang INT(11) UNSIGNED NOT NULL,
  MaHangHoa INT(11) UNSIGNED NOT NULL,
  DonGia FLOAT UNSIGNED NOT NULL,
  SoLuong INT(2) UNSIGNED NOT NULL,
  ThanhTien FLOAT UNSIGNED NOT NULL,
  GhiChu VARCHAR(255) NOT NULL,
  HangHoa VARCHAR(255) NOT NULL,
  PRIMARY KEY (MaHangHoa, MaDonHang),
  CONSTRAINT FK_chitietdathang_dathang_MaDonHang FOREIGN KEY (MaDonHang)
    REFERENCES dathang(MaDonHang) ON DELETE RESTRICT ON UPDATE RESTRICT,
  CONSTRAINT FK_chitietdathang_sanpham_MaSanPham FOREIGN KEY (MaHangHoa)
    REFERENCES sanpham(MaSanPham) ON DELETE RESTRICT ON UPDATE RESTRICT
)
ENGINE = INNODB
AVG_ROW_LENGTH = 4096
CHARACTER SET utf8mb4
COLLATE utf8mb4_general_ci;

--
-- Definition for table hinhanh
--
CREATE TABLE IF NOT EXISTS hinhanh (
  MaHinh INT(11) UNSIGNED NOT NULL AUTO_INCREMENT,
  Mahang INT(11) UNSIGNED NOT NULL,
  FileHinh VARCHAR(255) NOT NULL,
  PRIMARY KEY (MaHinh),
  CONSTRAINT FK_hinhanh_sanpham_MaSanPham FOREIGN KEY (Mahang)
    REFERENCES sanpham(MaSanPham) ON DELETE RESTRICT ON UPDATE RESTRICT
)
ENGINE = INNODB
AUTO_INCREMENT = 149
AVG_ROW_LENGTH = 113
CHARACTER SET utf8mb4
COLLATE utf8mb4_general_ci;

-- 
-- Dumping data for table khachhang
--
INSERT INTO khachhang(MaKhachhang, HoTen, SDT, Email, DiaChi, UserName, Password) VALUES
(55, 'Hồ Thế Mạnh', '01663478912', 'thanhniennghiemtuc549@gmail.com', 'Bình Phước', 'trollteam', 'U2FsdGVkX1+vV0YtnAk4FnGCkGroELXEkGneD/V9cwE='),
(56, 'hồ thị mỹ linh', '0975208011', 'manh.hothe@gmail.com', 'bình dương', NULL, 'U2FsdGVkX1/OVCTRkcwTBq9eeZmqZkthiZ1d1fM6Bnc='),
(57, 'hồ thị mỹ linh', '0968873692', NULL, 'bình dương', NULL, 'U2FsdGVkX1/PMzJjoYGRdwSyl97M4TOir9tj6Ku+VlU='),
(58, 'lê sỹ thanh trường', '09123456789', NULL, 'bến cát', NULL, 'U2FsdGVkX19aAF1hYpEgrobW85rQay9+1+UFb0W1a5M='),
(59, 'Hoàng Huy Hùng', '0978201111', 'huyhung@gmail.com', 'thanh hóa', 'huyhung', 'U2FsdGVkX19Qy2PMS9E964a0jtsZeefEt3StcCxSqwk='),
(60, 'Hồ Thị Mỹ Linh', '0975208011', NULL, 'Bình Dương', NULL, 'U2FsdGVkX1+hQbpmXEO7DFfAcWWFjLJ4ge5N1DgEjoY='),
(61, 'Lê Thị Trang', '0968873692', NULL, '', NULL, 'U2FsdGVkX19OLNXepZg/akKIf+7i5JZrbxejBjb3JJw='),
(62, 'Lê Thị Trang', '0968873692', 'lethitrangtocdai@gmail.com', 'bd', 'lethitrang', 'U2FsdGVkX1+bqto7oa7AJYR0VXt/+fZwSrXMyMcDigw=');

-- 
-- Dumping data for table loaihinhhanghoa
--
INSERT INTO loaihinhhanghoa(MaLoaiHinh, TenLoaiHinh, MoTa) VALUES
(1, 'Đồ Nam', 'Trang phục dành cho nam'),
(2, 'Đồ Nữ', 'Trang phục dành cho nữ'),
(3, 'Giày Nữ', 'Giày dành cho nữ'),
(4, 'Giày Nữ', 'Giày dành cho nữ');

-- 
-- Dumping data for table nhacungcap
--
INSERT INTO nhacungcap(MaNhaCungCap, TenNhaCungCap, SDT, DiaChi, GhiChu) VALUES
(1, 'FPT Trading', '08. 7300 6666', 'Tòa nhà FPT, Lô L.29b-31b-33b, đường Tân Thuận, KCX Tân Thuận, Phường Tân Thuận Đông, Quận 7, TP Hồ Chí Minh', 'Không');

-- 
-- Dumping data for table thongtinshop
--
INSERT INTO thongtinshop(TenShop, SDT, DiaChi, ThongTin, Email, id) VALUES
('XuKaShop', '01663478912', 'Thủ Dầu Một-Bình Dương', 'Chuyên cung cấp sản phẩm chất lương', 'thanhniennghiemtuc549@gmail.com', 1);

-- 
-- Dumping data for table dathang
--
INSERT INTO dathang(MaDonHang, KhachHang, NgayDatHang, PhuThu, GiamGia, TongTien, TrangThai, GhiChu) VALUES
(291, 55, '0000-00-00 00:00:00', 0, 0, 185000, 'Chưa Thanh Toán', 'Không'),
(292, 55, '0000-00-00 00:00:00', 0, 0, 185000, 'Chưa Thanh Toán', 'Không'),
(293, 60, '0000-00-00 00:00:00', 0, 0, 150000, 'Chưa Thanh Toán', 'Không'),
(294, 60, '0000-00-00 00:00:00', 0, 0, 100000, 'Chưa Thanh Toán', 'Không');

-- 
-- Dumping data for table loaihanghoa
--
INSERT INTO loaihanghoa(MaLoai, TenLoai, LoaiHinh, MoTa) VALUES
(1, 'Áo Thun', 1, 'Áo thu dành cho nam'),
(2, 'Quần Short', 1, 'Quần short dành cho nam'),
(3, 'Quần Kaki', 1, 'Quần kaki nam'),
(4, 'Áo Kiểu', 2, 'Áo kiểu dành cho nữ'),
(5, 'Đầm Nữ', 2, 'Đầm dành cho nữ'),
(6, 'Chân Váy', 2, 'Chân váy nữ'),
(7, 'Giày Mọi', 3, 'Giày mọi nam'),
(8, 'Giày Tây', 3, 'Giày Tây nam'),
(9, 'Giày Cao Gót', 4, 'Giày cao gót nữ'),
(10, 'Giày Búp Bê', 4, 'Giày búp bê nữ');

-- 
-- Dumping data for table sanpham
--
INSERT INTO sanpham(MaSanPham, TenSanPham, LoaiSanPham, XuatXu, GiaThuong, GiaKhuyenMai, GioiThieu, NhaCungCap, TinhTrang, ThongTin, KhuyenMai, ThuongHieu, LuotMua, Banner, HinhBanner) VALUES
(1, 'Quần short jean nam đơn giản', 2, 'Việt Nam', 200000, 150000, 'Quần short jean nam đơn giản: Chất liệu jean bền đẹp, thấm hút tốt, thoáng mát không lo hầm bí khi mặc. Thiết kế thời trang mang lại cho nam giới phong cách thật bụi bặm trong các hoạt động', 1, 'true', 'Quần short jean nam đơn giản có thiết kế thời trang mang lại cho nam giới phong cách thật bụi bặm trong các hoạt động\nQuần có 2 túi trước và 2 túi sau đơn giản, nhưng đặc biệt không bao giờ lỗi thời, là kiểu trang phục  mà các chàng trai hiện đại ưa chuộn', 'có', 'PT', 333, 'true', '/dist/img/1-1.jpg'),
(2, 'Áo thun nam nữ in chuột 3D Phi Mã ', 1, 'Việt Nam', 185000, 100000, 'Áo thun nam nữ in chuột 3D Phi Mã: Chất liệu cotton mềm mại, thoáng mát, thấm hút tốt, không lo hầm bí khi mặc, cho bạn thêm thoải mái khi vận động. Thiết kế cổ tròn, tay ngắn mang lại cho bạn nét phong cách, trẻ trung và hiện đại', 1, 'true', 'Áo thun nam nữ in chuột 3D Phi Mã có thiết kế cổ tròn, tay ngắn mang lại cho bạn nét phong cách, trẻ trung và hiện đại\nForm áo ôm vừa vặn thoải mái khi mặc chơi thể thao hay các hoạt động mang lại sự tự tin và năng động cho bạn\nThiết kế áo dáng trơn đơn g', 'có', 'PT', 333, 'true', '/dist/img/1-1.jpg'),
(3, 'Quần short jean nam đơn giản', 2, 'Việt Nam', 185000, 100000, 'Quần short jean nam đơn giản: Chất liệu jean bền đẹp, thấm hút tốt, thoáng mát không lo hầm bí khi mặc. Thiết kế thời trang mang lại cho nam giới phong cách thật bụi bặm trong các hoạt động', 1, 'true', 'Quần short jean nam đơn giản có thiết kế thời trang mang lại cho nam giới phong cách thật bụi bặm trong các hoạt động\nQuần có 2 túi trước và 2 túi sau đơn giản, nhưng đặc biệt không bao giờ lỗi thời, là kiểu trang phục  mà các chàng trai hiện đại ưa chuộn', 'có', 'PT', 333, 'false', '/dist/img/1-1.jpg'),
(4, 'Quần short jean nam đơn giản', 2, 'Việt Nam', 185000, 100000, 'Quần short jean nam đơn giản: Chất liệu jean bền đẹp, thấm hút tốt, thoáng mát không lo hầm bí khi mặc. Thiết kế thời trang mang lại cho nam giới phong cách thật bụi bặm trong các hoạt động', 1, 'true', 'Quần short jean nam đơn giản có thiết kế thời trang mang lại cho nam giới phong cách thật bụi bặm trong các hoạt động\nQuần có 2 túi trước và 2 túi sau đơn giản, nhưng đặc biệt không bao giờ lỗi thời, là kiểu trang phục  mà các chàng trai hiện đại ưa chuộn', 'có', 'PT', 333, 'false', '/dist/img/'),
(5, 'Quần short jean nam đơn giản', 2, 'Việt Nam', 185000, 100000, 'Quần short jean nam đơn giản: Chất liệu jean bền đẹp, thấm hút tốt, thoáng mát không lo hầm bí khi mặc. Thiết kế thời trang mang lại cho nam giới phong cách thật bụi bặm trong các hoạt động', 1, 'true', 'Quần short jean nam đơn giản có thiết kế thời trang mang lại cho nam giới phong cách thật bụi bặm trong các hoạt động\nQuần có 2 túi trước và 2 túi sau đơn giản, nhưng đặc biệt không bao giờ lỗi thời, là kiểu trang phục  mà các chàng trai hiện đại ưa chuộn', 'có', 'PT', 333, 'false', '/dist/img/'),
(6, 'Quần short jean nam đơn giản', 2, 'Việt Nam', 185000, 100000, 'Quần short jean nam đơn giản: Chất liệu jean bền đẹp, thấm hút tốt, thoáng mát không lo hầm bí khi mặc. Thiết kế thời trang mang lại cho nam giới phong cách thật bụi bặm trong các hoạt động', 1, 'true', 'Quần short jean nam đơn giản có thiết kế thời trang mang lại cho nam giới phong cách thật bụi bặm trong các hoạt động\nQuần có 2 túi trước và 2 túi sau đơn giản, nhưng đặc biệt không bao giờ lỗi thời, là kiểu trang phục  mà các chàng trai hiện đại ưa chuộn', 'có', 'PT', 333, 'false', '/dist/img/'),
(7, 'Quần short jean nam đơn giản', 2, 'Việt Nam', 185000, 100000, 'Quần short jean nam đơn giản: Chất liệu jean bền đẹp, thấm hút tốt, thoáng mát không lo hầm bí khi mặc. Thiết kế thời trang mang lại cho nam giới phong cách thật bụi bặm trong các hoạt động', 1, 'true', 'Quần short jean nam đơn giản có thiết kế thời trang mang lại cho nam giới phong cách thật bụi bặm trong các hoạt động\nQuần có 2 túi trước và 2 túi sau đơn giản, nhưng đặc biệt không bao giờ lỗi thời, là kiểu trang phục  mà các chàng trai hiện đại ưa chuộn', 'có', 'PT', 333, 'false', '/dist/img/'),
(8, 'Quần short jean nam đơn giản', 2, 'Việt Nam', 185000, 100000, 'Quần short jean nam đơn giản: Chất liệu jean bền đẹp, thấm hút tốt, thoáng mát không lo hầm bí khi mặc. Thiết kế thời trang mang lại cho nam giới phong cách thật bụi bặm trong các hoạt động', 1, 'true', 'Quần short jean nam đơn giản có thiết kế thời trang mang lại cho nam giới phong cách thật bụi bặm trong các hoạt động\nQuần có 2 túi trước và 2 túi sau đơn giản, nhưng đặc biệt không bao giờ lỗi thời, là kiểu trang phục  mà các chàng trai hiện đại ưa chuộn', 'có', 'PT', 333, 'False', '/dist/img/'),
(9, 'Quần short jean nam đơn giản', 2, 'Việt Nam', 185000, 100000, 'Quần short jean nam đơn giản: Chất liệu jean bền đẹp, thấm hút tốt, thoáng mát không lo hầm bí khi mặc. Thiết kế thời trang mang lại cho nam giới phong cách thật bụi bặm trong các hoạt động', 1, 'true', 'Quần short jean nam đơn giản có thiết kế thời trang mang lại cho nam giới phong cách thật bụi bặm trong các hoạt động\nQuần có 2 túi trước và 2 túi sau đơn giản, nhưng đặc biệt không bao giờ lỗi thời, là kiểu trang phục  mà các chàng trai hiện đại ưa chuộn', 'có', 'PT', 333, 'False', '/dist/img/'),
(10, 'Quần short jean nam đơn giản', 2, 'Việt Nam', 185000, 100000, 'Quần short jean nam đơn giản: Chất liệu jean bền đẹp, thấm hút tốt, thoáng mát không lo hầm bí khi mặc. Thiết kế thời trang mang lại cho nam giới phong cách thật bụi bặm trong các hoạt động', 1, 'true', 'Quần short jean nam đơn giản có thiết kế thời trang mang lại cho nam giới phong cách thật bụi bặm trong các hoạt động\nQuần có 2 túi trước và 2 túi sau đơn giản, nhưng đặc biệt không bao giờ lỗi thời, là kiểu trang phục  mà các chàng trai hiện đại ưa chuộn', 'Không', 'PT', 333, 'False', '/dist/img/'),
(11, 'Quần short jean nam đơn giản', 2, 'Việt Nam', 185000, 100000, 'Quần short jean nam đơn giản: Chất liệu jean bền đẹp, thấm hút tốt, thoáng mát không lo hầm bí khi mặc. Thiết kế thời trang mang lại cho nam giới phong cách thật bụi bặm trong các hoạt động', 1, 'true', 'Quần short jean nam đơn giản có thiết kế thời trang mang lại cho nam giới phong cách thật bụi bặm trong các hoạt động\nQuần có 2 túi trước và 2 túi sau đơn giản, nhưng đặc biệt không bao giờ lỗi thời, là kiểu trang phục  mà các chàng trai hiện đại ưa chuộn', 'Không', 'PT', 333, 'False', '/dist/img/'),
(12, 'Quần short jean nam đơn giản', 2, 'Việt Nam', 185000, 100000, 'Quần short jean nam đơn giản: Chất liệu jean bền đẹp, thấm hút tốt, thoáng mát không lo hầm bí khi mặc. Thiết kế thời trang mang lại cho nam giới phong cách thật bụi bặm trong các hoạt động', 1, 'true', 'Quần short jean nam đơn giản có thiết kế thời trang mang lại cho nam giới phong cách thật bụi bặm trong các hoạt động\nQuần có 2 túi trước và 2 túi sau đơn giản, nhưng đặc biệt không bao giờ lỗi thời, là kiểu trang phục  mà các chàng trai hiện đại ưa chuộn', 'Không', 'PT', 333, 'False', '/dist/img/'),
(13, 'Quần short jean nam đơn giản', 2, 'Việt Nam', 185000, 100000, 'Quần short jean nam đơn giản: Chất liệu jean bền đẹp, thấm hút tốt, thoáng mát không lo hầm bí khi mặc. Thiết kế thời trang mang lại cho nam giới phong cách thật bụi bặm trong các hoạt động', 1, 'true', 'Quần short jean nam đơn giản có thiết kế thời trang mang lại cho nam giới phong cách thật bụi bặm trong các hoạt động\nQuần có 2 túi trước và 2 túi sau đơn giản, nhưng đặc biệt không bao giờ lỗi thời, là kiểu trang phục  mà các chàng trai hiện đại ưa chuộn', 'Không', 'PT', 333, 'False', '/dist/img/'),
(14, 'Quần short jean nam đơn giản', 2, 'Việt Nam', 185000, 100000, 'Quần short jean nam đơn giản: Chất liệu jean bền đẹp, thấm hút tốt, thoáng mát không lo hầm bí khi mặc. Thiết kế thời trang mang lại cho nam giới phong cách thật bụi bặm trong các hoạt động', 1, 'true', 'Quần short jean nam đơn giản có thiết kế thời trang mang lại cho nam giới phong cách thật bụi bặm trong các hoạt động\nQuần có 2 túi trước và 2 túi sau đơn giản, nhưng đặc biệt không bao giờ lỗi thời, là kiểu trang phục  mà các chàng trai hiện đại ưa chuộn', 'Không', 'PT', 333, 'False', '/dist/img/'),
(15, 'Quần short jean nam đơn giản', 2, 'Việt Nam', 185000, 100000, 'Quần short jean nam đơn giản: Chất liệu jean bền đẹp, thấm hút tốt, thoáng mát không lo hầm bí khi mặc. Thiết kế thời trang mang lại cho nam giới phong cách thật bụi bặm trong các hoạt động', 1, 'true', 'Quần short jean nam đơn giản có thiết kế thời trang mang lại cho nam giới phong cách thật bụi bặm trong các hoạt động\nQuần có 2 túi trước và 2 túi sau đơn giản, nhưng đặc biệt không bao giờ lỗi thời, là kiểu trang phục  mà các chàng trai hiện đại ưa chuộn', 'Không', 'PT', 333, 'False', '/dist/img/'),
(16, 'Quần short jean nam đơn giản', 2, 'Việt Nam', 185000, 100000, 'Quần short jean nam đơn giản: Chất liệu jean bền đẹp, thấm hút tốt, thoáng mát không lo hầm bí khi mặc. Thiết kế thời trang mang lại cho nam giới phong cách thật bụi bặm trong các hoạt động', 1, 'true', 'Quần short jean nam đơn giản có thiết kế thời trang mang lại cho nam giới phong cách thật bụi bặm trong các hoạt động\nQuần có 2 túi trước và 2 túi sau đơn giản, nhưng đặc biệt không bao giờ lỗi thời, là kiểu trang phục  mà các chàng trai hiện đại ưa chuộn', 'Không', 'PT', 333, 'False', '/dist/img/'),
(17, 'Quần short jean nam đơn giản', 2, 'Việt Nam', 185000, 100000, 'Quần short jean nam đơn giản: Chất liệu jean bền đẹp, thấm hút tốt, thoáng mát không lo hầm bí khi mặc. Thiết kế thời trang mang lại cho nam giới phong cách thật bụi bặm trong các hoạt động', 1, 'true', 'Quần short jean nam đơn giản có thiết kế thời trang mang lại cho nam giới phong cách thật bụi bặm trong các hoạt động\nQuần có 2 túi trước và 2 túi sau đơn giản, nhưng đặc biệt không bao giờ lỗi thời, là kiểu trang phục  mà các chàng trai hiện đại ưa chuộn', 'Không', 'PT', 333, 'False', '/dist/img/'),
(18, 'Quần short jean nam đơn giản', 2, 'Việt Nam', 185000, 100000, 'Quần short jean nam đơn giản: Chất liệu jean bền đẹp, thấm hút tốt, thoáng mát không lo hầm bí khi mặc. Thiết kế thời trang mang lại cho nam giới phong cách thật bụi bặm trong các hoạt động', 1, 'true', 'Quần short jean nam đơn giản có thiết kế thời trang mang lại cho nam giới phong cách thật bụi bặm trong các hoạt động\nQuần có 2 túi trước và 2 túi sau đơn giản, nhưng đặc biệt không bao giờ lỗi thời, là kiểu trang phục  mà các chàng trai hiện đại ưa chuộn', 'Không', 'PT', 333, 'False', '/dist/img/'),
(19, 'Quần short jean nam đơn giản', 2, 'Việt Nam', 185000, 100000, 'Quần short jean nam đơn giản: Chất liệu jean bền đẹp, thấm hút tốt, thoáng mát không lo hầm bí khi mặc. Thiết kế thời trang mang lại cho nam giới phong cách thật bụi bặm trong các hoạt động', 1, 'true', 'Quần short jean nam đơn giản có thiết kế thời trang mang lại cho nam giới phong cách thật bụi bặm trong các hoạt động\nQuần có 2 túi trước và 2 túi sau đơn giản, nhưng đặc biệt không bao giờ lỗi thời, là kiểu trang phục  mà các chàng trai hiện đại ưa chuộn', 'Không', 'PT', 333, 'False', '/dist/img/'),
(20, 'Quần short jean nam đơn giản', 2, 'Việt Nam', 185000, 100000, 'Quần short jean nam đơn giản: Chất liệu jean bền đẹp, thấm hút tốt, thoáng mát không lo hầm bí khi mặc. Thiết kế thời trang mang lại cho nam giới phong cách thật bụi bặm trong các hoạt động', 1, 'true', 'Quần short jean nam đơn giản có thiết kế thời trang mang lại cho nam giới phong cách thật bụi bặm trong các hoạt động\nQuần có 2 túi trước và 2 túi sau đơn giản, nhưng đặc biệt không bao giờ lỗi thời, là kiểu trang phục  mà các chàng trai hiện đại ưa chuộn', 'Không', 'PT', 333, 'False', '/dist/img/'),
(21, 'Quần short jean nam đơn giản', 2, 'Việt Nam', 185000, 100000, 'Quần short jean nam đơn giản: Chất liệu jean bền đẹp, thấm hút tốt, thoáng mát không lo hầm bí khi mặc. Thiết kế thời trang mang lại cho nam giới phong cách thật bụi bặm trong các hoạt động', 1, 'true', 'Quần short jean nam đơn giản có thiết kế thời trang mang lại cho nam giới phong cách thật bụi bặm trong các hoạt động\nQuần có 2 túi trước và 2 túi sau đơn giản, nhưng đặc biệt không bao giờ lỗi thời, là kiểu trang phục  mà các chàng trai hiện đại ưa chuộn', 'Không', 'PT', 333, 'False', '/dist/img/'),
(22, 'Quần short jean nam đơn giản', 2, 'Việt Nam', 185000, 100000, 'Quần short jean nam đơn giản: Chất liệu jean bền đẹp, thấm hút tốt, thoáng mát không lo hầm bí khi mặc. Thiết kế thời trang mang lại cho nam giới phong cách thật bụi bặm trong các hoạt động', 1, 'true', 'Quần short jean nam đơn giản có thiết kế thời trang mang lại cho nam giới phong cách thật bụi bặm trong các hoạt động\nQuần có 2 túi trước và 2 túi sau đơn giản, nhưng đặc biệt không bao giờ lỗi thời, là kiểu trang phục  mà các chàng trai hiện đại ưa chuộn', 'Không', 'PT', 333, 'False', '/dist/img/'),
(23, 'Quần short jean nam đơn giản', 2, 'Việt Nam', 185000, 100000, 'Quần short jean nam đơn giản: Chất liệu jean bền đẹp, thấm hút tốt, thoáng mát không lo hầm bí khi mặc. Thiết kế thời trang mang lại cho nam giới phong cách thật bụi bặm trong các hoạt động', 1, 'true', 'Quần short jean nam đơn giản có thiết kế thời trang mang lại cho nam giới phong cách thật bụi bặm trong các hoạt động\nQuần có 2 túi trước và 2 túi sau đơn giản, nhưng đặc biệt không bao giờ lỗi thời, là kiểu trang phục  mà các chàng trai hiện đại ưa chuộn', 'Không', 'PT', 333, 'False', '/dist/img/'),
(24, 'Quần short jean nam đơn giản', 2, 'Việt Nam', 185000, 100000, 'Quần short jean nam đơn giản: Chất liệu jean bền đẹp, thấm hút tốt, thoáng mát không lo hầm bí khi mặc. Thiết kế thời trang mang lại cho nam giới phong cách thật bụi bặm trong các hoạt động', 1, 'true', 'Quần short jean nam đơn giản có thiết kế thời trang mang lại cho nam giới phong cách thật bụi bặm trong các hoạt động\nQuần có 2 túi trước và 2 túi sau đơn giản, nhưng đặc biệt không bao giờ lỗi thời, là kiểu trang phục  mà các chàng trai hiện đại ưa chuộn', 'Không', 'PT', 333, 'False', '/dist/img/'),
(26, 'Áo thun nam nữ in chuột 3D Phi Mã ', 1, 'Việt Nam', 185000, 100000, 'Áo thun nam nữ in chuột 3D Phi Mã: Chất liệu cotton mềm mại, thoáng mát, thấm hút tốt, không lo hầm bí khi mặc, cho bạn thêm thoải mái khi vận động. Thiết kế cổ tròn, tay ngắn mang lại cho bạn nét phong cách, trẻ trung và hiện đại', 1, 'true', 'Áo thun nam nữ in chuột 3D Phi Mã có thiết kế cổ tròn, tay ngắn mang lại cho bạn nét phong cách, trẻ trung và hiện đại\nForm áo ôm vừa vặn thoải mái khi mặc chơi thể thao hay các hoạt động mang lại sự tự tin và năng động cho bạn\nThiết kế áo dáng trơn đơn g', 'Không', 'PT', 333, 'False', '/dist/img/'),
(27, 'Áo thun nam nữ in chuột 3D Phi Mã ', 1, 'Việt Nam', 185000, 100000, 'Áo thun nam nữ in chuột 3D Phi Mã: Chất liệu cotton mềm mại, thoáng mát, thấm hút tốt, không lo hầm bí khi mặc, cho bạn thêm thoải mái khi vận động. Thiết kế cổ tròn, tay ngắn mang lại cho bạn nét phong cách, trẻ trung và hiện đại', 1, 'true', 'Áo thun nam nữ in chuột 3D Phi Mã có thiết kế cổ tròn, tay ngắn mang lại cho bạn nét phong cách, trẻ trung và hiện đại\nForm áo ôm vừa vặn thoải mái khi mặc chơi thể thao hay các hoạt động mang lại sự tự tin và năng động cho bạn\nThiết kế áo dáng trơn đơn g', 'Không', 'PT', 333, 'False', '/dist/img/'),
(28, 'Áo thun nam nữ in chuột 3D Phi Mã ', 1, 'Việt Nam', 185000, 100000, 'Áo thun nam nữ in chuột 3D Phi Mã: Chất liệu cotton mềm mại, thoáng mát, thấm hút tốt, không lo hầm bí khi mặc, cho bạn thêm thoải mái khi vận động. Thiết kế cổ tròn, tay ngắn mang lại cho bạn nét phong cách, trẻ trung và hiện đại', 1, 'true', 'Áo thun nam nữ in chuột 3D Phi Mã có thiết kế cổ tròn, tay ngắn mang lại cho bạn nét phong cách, trẻ trung và hiện đại\nForm áo ôm vừa vặn thoải mái khi mặc chơi thể thao hay các hoạt động mang lại sự tự tin và năng động cho bạn\nThiết kế áo dáng trơn đơn g', 'Không', 'PT', 333, 'False', '/dist/img/'),
(29, 'Áo thun nam nữ in chuột 3D Phi Mã ', 1, 'Việt Nam', 185000, 100000, 'Áo thun nam nữ in chuột 3D Phi Mã: Chất liệu cotton mềm mại, thoáng mát, thấm hút tốt, không lo hầm bí khi mặc, cho bạn thêm thoải mái khi vận động. Thiết kế cổ tròn, tay ngắn mang lại cho bạn nét phong cách, trẻ trung và hiện đại', 1, 'true', 'Áo thun nam nữ in chuột 3D Phi Mã có thiết kế cổ tròn, tay ngắn mang lại cho bạn nét phong cách, trẻ trung và hiện đại\nForm áo ôm vừa vặn thoải mái khi mặc chơi thể thao hay các hoạt động mang lại sự tự tin và năng động cho bạn\nThiết kế áo dáng trơn đơn g', 'Không', 'PT', 333, 'False', '/dist/img/'),
(30, 'Áo thun nam nữ in chuột 3D Phi Mã ', 1, 'Việt Nam', 185000, 100000, 'Áo thun nam nữ in chuột 3D Phi Mã: Chất liệu cotton mềm mại, thoáng mát, thấm hút tốt, không lo hầm bí khi mặc, cho bạn thêm thoải mái khi vận động. Thiết kế cổ tròn, tay ngắn mang lại cho bạn nét phong cách, trẻ trung và hiện đại', 1, 'true', 'Áo thun nam nữ in chuột 3D Phi Mã có thiết kế cổ tròn, tay ngắn mang lại cho bạn nét phong cách, trẻ trung và hiện đại\nForm áo ôm vừa vặn thoải mái khi mặc chơi thể thao hay các hoạt động mang lại sự tự tin và năng động cho bạn\nThiết kế áo dáng trơn đơn g', 'Không', 'PT', 333, 'False', '/dist/img/'),
(31, 'Áo thun nam nữ in chuột 3D Phi Mã ', 1, 'Việt Nam', 185000, 100000, 'Áo thun nam nữ in chuột 3D Phi Mã: Chất liệu cotton mềm mại, thoáng mát, thấm hút tốt, không lo hầm bí khi mặc, cho bạn thêm thoải mái khi vận động. Thiết kế cổ tròn, tay ngắn mang lại cho bạn nét phong cách, trẻ trung và hiện đại', 1, 'true', 'Áo thun nam nữ in chuột 3D Phi Mã có thiết kế cổ tròn, tay ngắn mang lại cho bạn nét phong cách, trẻ trung và hiện đại\nForm áo ôm vừa vặn thoải mái khi mặc chơi thể thao hay các hoạt động mang lại sự tự tin và năng động cho bạn\nThiết kế áo dáng trơn đơn g', 'Không', 'PT', 333, 'False', '/dist/img/'),
(32, 'Áo thun nam nữ in chuột 3D Phi Mã ', 1, 'Việt Nam', 185000, 100000, 'Áo thun nam nữ in chuột 3D Phi Mã: Chất liệu cotton mềm mại, thoáng mát, thấm hút tốt, không lo hầm bí khi mặc, cho bạn thêm thoải mái khi vận động. Thiết kế cổ tròn, tay ngắn mang lại cho bạn nét phong cách, trẻ trung và hiện đại', 1, 'true', 'Áo thun nam nữ in chuột 3D Phi Mã có thiết kế cổ tròn, tay ngắn mang lại cho bạn nét phong cách, trẻ trung và hiện đại\nForm áo ôm vừa vặn thoải mái khi mặc chơi thể thao hay các hoạt động mang lại sự tự tin và năng động cho bạn\nThiết kế áo dáng trơn đơn g', 'Không', 'PT', 333, 'False', '/dist/img/'),
(33, 'Áo thun nam nữ in chuột 3D Phi Mã ', 1, 'Việt Nam', 185000, 100000, 'Áo thun nam nữ in chuột 3D Phi Mã: Chất liệu cotton mềm mại, thoáng mát, thấm hút tốt, không lo hầm bí khi mặc, cho bạn thêm thoải mái khi vận động. Thiết kế cổ tròn, tay ngắn mang lại cho bạn nét phong cách, trẻ trung và hiện đại', 1, 'true', 'Áo thun nam nữ in chuột 3D Phi Mã có thiết kế cổ tròn, tay ngắn mang lại cho bạn nét phong cách, trẻ trung và hiện đại\nForm áo ôm vừa vặn thoải mái khi mặc chơi thể thao hay các hoạt động mang lại sự tự tin và năng động cho bạn\nThiết kế áo dáng trơn đơn g', 'Không', 'PT', 333, 'False', '/dist/img/'),
(34, 'Áo thun nam nữ in chuột 3D Phi Mã ', 1, 'Việt Nam', 185000, 100000, 'Áo thun nam nữ in chuột 3D Phi Mã: Chất liệu cotton mềm mại, thoáng mát, thấm hút tốt, không lo hầm bí khi mặc, cho bạn thêm thoải mái khi vận động. Thiết kế cổ tròn, tay ngắn mang lại cho bạn nét phong cách, trẻ trung và hiện đại', 1, 'true', 'Áo thun nam nữ in chuột 3D Phi Mã có thiết kế cổ tròn, tay ngắn mang lại cho bạn nét phong cách, trẻ trung và hiện đại\nForm áo ôm vừa vặn thoải mái khi mặc chơi thể thao hay các hoạt động mang lại sự tự tin và năng động cho bạn\nThiết kế áo dáng trơn đơn g', 'Không', 'PT', 333, 'False', '/dist/img/'),
(35, 'Áo thun nam nữ in chuột 3D Phi Mã ', 1, 'Việt Nam', 185000, 100000, 'Áo thun nam nữ in chuột 3D Phi Mã: Chất liệu cotton mềm mại, thoáng mát, thấm hút tốt, không lo hầm bí khi mặc, cho bạn thêm thoải mái khi vận động. Thiết kế cổ tròn, tay ngắn mang lại cho bạn nét phong cách, trẻ trung và hiện đại', 1, 'true', 'Áo thun nam nữ in chuột 3D Phi Mã có thiết kế cổ tròn, tay ngắn mang lại cho bạn nét phong cách, trẻ trung và hiện đại\nForm áo ôm vừa vặn thoải mái khi mặc chơi thể thao hay các hoạt động mang lại sự tự tin và năng động cho bạn\nThiết kế áo dáng trơn đơn g', 'Không', 'PT', 333, 'False', '/dist/img/'),
(36, 'Áo thun nam nữ in chuột 3D Phi Mã ', 1, 'Việt Nam', 185000, 100000, 'Áo thun nam nữ in chuột 3D Phi Mã: Chất liệu cotton mềm mại, thoáng mát, thấm hút tốt, không lo hầm bí khi mặc, cho bạn thêm thoải mái khi vận động. Thiết kế cổ tròn, tay ngắn mang lại cho bạn nét phong cách, trẻ trung và hiện đại', 1, 'true', 'Áo thun nam nữ in chuột 3D Phi Mã có thiết kế cổ tròn, tay ngắn mang lại cho bạn nét phong cách, trẻ trung và hiện đại\nForm áo ôm vừa vặn thoải mái khi mặc chơi thể thao hay các hoạt động mang lại sự tự tin và năng động cho bạn\nThiết kế áo dáng trơn đơn g', 'Không', 'PT', 333, 'False', '/dist/img/'),
(37, 'Áo thun nam nữ in chuột 3D Phi Mã ', 1, 'Việt Nam', 185000, 100000, 'Áo thun nam nữ in chuột 3D Phi Mã: Chất liệu cotton mềm mại, thoáng mát, thấm hút tốt, không lo hầm bí khi mặc, cho bạn thêm thoải mái khi vận động. Thiết kế cổ tròn, tay ngắn mang lại cho bạn nét phong cách, trẻ trung và hiện đại', 1, 'true', 'Áo thun nam nữ in chuột 3D Phi Mã có thiết kế cổ tròn, tay ngắn mang lại cho bạn nét phong cách, trẻ trung và hiện đại\nForm áo ôm vừa vặn thoải mái khi mặc chơi thể thao hay các hoạt động mang lại sự tự tin và năng động cho bạn\nThiết kế áo dáng trơn đơn g', 'Không', 'PT', 333, 'False', '/dist/img/'),
(38, 'Áo thun nam nữ in chuột 3D Phi Mã ', 1, 'Việt Nam', 185000, 100000, 'Áo thun nam nữ in chuột 3D Phi Mã: Chất liệu cotton mềm mại, thoáng mát, thấm hút tốt, không lo hầm bí khi mặc, cho bạn thêm thoải mái khi vận động. Thiết kế cổ tròn, tay ngắn mang lại cho bạn nét phong cách, trẻ trung và hiện đại', 1, 'true', 'Áo thun nam nữ in chuột 3D Phi Mã có thiết kế cổ tròn, tay ngắn mang lại cho bạn nét phong cách, trẻ trung và hiện đại\nForm áo ôm vừa vặn thoải mái khi mặc chơi thể thao hay các hoạt động mang lại sự tự tin và năng động cho bạn\nThiết kế áo dáng trơn đơn g', 'Không', 'PT', 333, 'False', '/dist/img/'),
(39, 'Áo thun nam nữ in chuột 3D Phi Mã ', 1, 'Việt Nam', 185000, 100000, 'Áo thun nam nữ in chuột 3D Phi Mã: Chất liệu cotton mềm mại, thoáng mát, thấm hút tốt, không lo hầm bí khi mặc, cho bạn thêm thoải mái khi vận động. Thiết kế cổ tròn, tay ngắn mang lại cho bạn nét phong cách, trẻ trung và hiện đại', 1, 'true', 'Áo thun nam nữ in chuột 3D Phi Mã có thiết kế cổ tròn, tay ngắn mang lại cho bạn nét phong cách, trẻ trung và hiện đại\nForm áo ôm vừa vặn thoải mái khi mặc chơi thể thao hay các hoạt động mang lại sự tự tin và năng động cho bạn\nThiết kế áo dáng trơn đơn g', 'Không', 'PT', 333, 'False', '/dist/img/'),
(40, 'Áo thun nam nữ in chuột 3D Phi Mã ', 1, 'Việt Nam', 185000, 100000, 'Áo thun nam nữ in chuột 3D Phi Mã: Chất liệu cotton mềm mại, thoáng mát, thấm hút tốt, không lo hầm bí khi mặc, cho bạn thêm thoải mái khi vận động. Thiết kế cổ tròn, tay ngắn mang lại cho bạn nét phong cách, trẻ trung và hiện đại', 1, 'true', 'Áo thun nam nữ in chuột 3D Phi Mã có thiết kế cổ tròn, tay ngắn mang lại cho bạn nét phong cách, trẻ trung và hiện đại\nForm áo ôm vừa vặn thoải mái khi mặc chơi thể thao hay các hoạt động mang lại sự tự tin và năng động cho bạn\nThiết kế áo dáng trơn đơn g', 'Không', 'PT', 333, 'False', '/dist/img/'),
(41, 'Áo thun nam nữ in chuột 3D Phi Mã ', 1, 'Việt Nam', 185000, 100000, 'Áo thun nam nữ in chuột 3D Phi Mã: Chất liệu cotton mềm mại, thoáng mát, thấm hút tốt, không lo hầm bí khi mặc, cho bạn thêm thoải mái khi vận động. Thiết kế cổ tròn, tay ngắn mang lại cho bạn nét phong cách, trẻ trung và hiện đại', 1, 'true', 'Áo thun nam nữ in chuột 3D Phi Mã có thiết kế cổ tròn, tay ngắn mang lại cho bạn nét phong cách, trẻ trung và hiện đại\nForm áo ôm vừa vặn thoải mái khi mặc chơi thể thao hay các hoạt động mang lại sự tự tin và năng động cho bạn\nThiết kế áo dáng trơn đơn g', 'Không', 'PT', 333, 'False', '/dist/img/'),
(42, 'Áo thun nam nữ in chuột 3D Phi Mã ', 1, 'Việt Nam', 185000, 100000, 'Áo thun nam nữ in chuột 3D Phi Mã: Chất liệu cotton mềm mại, thoáng mát, thấm hút tốt, không lo hầm bí khi mặc, cho bạn thêm thoải mái khi vận động. Thiết kế cổ tròn, tay ngắn mang lại cho bạn nét phong cách, trẻ trung và hiện đại', 1, 'true', 'Áo thun nam nữ in chuột 3D Phi Mã có thiết kế cổ tròn, tay ngắn mang lại cho bạn nét phong cách, trẻ trung và hiện đại\nForm áo ôm vừa vặn thoải mái khi mặc chơi thể thao hay các hoạt động mang lại sự tự tin và năng động cho bạn\nThiết kế áo dáng trơn đơn g', 'Không', 'PT', 333, 'False', '/dist/img/'),
(43, 'Áo thun nam nữ in chuột 3D Phi Mã ', 1, 'Việt Nam', 185000, 100000, 'Áo thun nam nữ in chuột 3D Phi Mã: Chất liệu cotton mềm mại, thoáng mát, thấm hút tốt, không lo hầm bí khi mặc, cho bạn thêm thoải mái khi vận động. Thiết kế cổ tròn, tay ngắn mang lại cho bạn nét phong cách, trẻ trung và hiện đại', 1, 'true', 'Áo thun nam nữ in chuột 3D Phi Mã có thiết kế cổ tròn, tay ngắn mang lại cho bạn nét phong cách, trẻ trung và hiện đại\nForm áo ôm vừa vặn thoải mái khi mặc chơi thể thao hay các hoạt động mang lại sự tự tin và năng động cho bạn\nThiết kế áo dáng trơn đơn g', 'Không', 'PT', 333, 'False', '/dist/img/'),
(44, 'Áo thun nam nữ in chuột 3D Phi Mã ', 1, 'Việt Nam', 185000, 100000, 'Áo thun nam nữ in chuột 3D Phi Mã: Chất liệu cotton mềm mại, thoáng mát, thấm hút tốt, không lo hầm bí khi mặc, cho bạn thêm thoải mái khi vận động. Thiết kế cổ tròn, tay ngắn mang lại cho bạn nét phong cách, trẻ trung và hiện đại', 1, 'true', 'Áo thun nam nữ in chuột 3D Phi Mã có thiết kế cổ tròn, tay ngắn mang lại cho bạn nét phong cách, trẻ trung và hiện đại\nForm áo ôm vừa vặn thoải mái khi mặc chơi thể thao hay các hoạt động mang lại sự tự tin và năng động cho bạn\nThiết kế áo dáng trơn đơn g', 'Không', 'PT', 333, 'False', '/dist/img/'),
(45, 'Áo thun nam nữ in chuột 3D Phi Mã ', 1, 'Việt Nam', 185000, 100000, 'Áo thun nam nữ in chuột 3D Phi Mã: Chất liệu cotton mềm mại, thoáng mát, thấm hút tốt, không lo hầm bí khi mặc, cho bạn thêm thoải mái khi vận động. Thiết kế cổ tròn, tay ngắn mang lại cho bạn nét phong cách, trẻ trung và hiện đại', 1, 'true', 'Áo thun nam nữ in chuột 3D Phi Mã có thiết kế cổ tròn, tay ngắn mang lại cho bạn nét phong cách, trẻ trung và hiện đại\nForm áo ôm vừa vặn thoải mái khi mặc chơi thể thao hay các hoạt động mang lại sự tự tin và năng động cho bạn\nThiết kế áo dáng trơn đơn g', 'Không', 'PT', 333, 'False', '/dist/img/'),
(46, 'Áo thun nam nữ in chuột 3D Phi Mã ', 1, 'Việt Nam', 185000, 100000, 'Áo thun nam nữ in chuột 3D Phi Mã: Chất liệu cotton mềm mại, thoáng mát, thấm hút tốt, không lo hầm bí khi mặc, cho bạn thêm thoải mái khi vận động. Thiết kế cổ tròn, tay ngắn mang lại cho bạn nét phong cách, trẻ trung và hiện đại', 1, 'true', 'Áo thun nam nữ in chuột 3D Phi Mã có thiết kế cổ tròn, tay ngắn mang lại cho bạn nét phong cách, trẻ trung và hiện đại\nForm áo ôm vừa vặn thoải mái khi mặc chơi thể thao hay các hoạt động mang lại sự tự tin và năng động cho bạn\nThiết kế áo dáng trơn đơn g', 'Không', 'PT', 333, 'False', '/dist/img/'),
(47, 'Áo thun nam nữ in chuột 3D Phi Mã ', 1, 'Việt Nam', 185000, 100000, 'Áo thun nam nữ in chuột 3D Phi Mã: Chất liệu cotton mềm mại, thoáng mát, thấm hút tốt, không lo hầm bí khi mặc, cho bạn thêm thoải mái khi vận động. Thiết kế cổ tròn, tay ngắn mang lại cho bạn nét phong cách, trẻ trung và hiện đại', 1, 'true', 'Áo thun nam nữ in chuột 3D Phi Mã có thiết kế cổ tròn, tay ngắn mang lại cho bạn nét phong cách, trẻ trung và hiện đại\nForm áo ôm vừa vặn thoải mái khi mặc chơi thể thao hay các hoạt động mang lại sự tự tin và năng động cho bạn\nThiết kế áo dáng trơn đơn g', 'Không', 'PT', 333, 'False', '/dist/img/'),
(48, 'Áo thun nam nữ in chuột 3D Phi Mã ', 1, 'Việt Nam', 185000, 100000, 'Áo thun nam nữ in chuột 3D Phi Mã: Chất liệu cotton mềm mại, thoáng mát, thấm hút tốt, không lo hầm bí khi mặc, cho bạn thêm thoải mái khi vận động. Thiết kế cổ tròn, tay ngắn mang lại cho bạn nét phong cách, trẻ trung và hiện đại', 1, 'true', 'Áo thun nam nữ in chuột 3D Phi Mã có thiết kế cổ tròn, tay ngắn mang lại cho bạn nét phong cách, trẻ trung và hiện đại\nForm áo ôm vừa vặn thoải mái khi mặc chơi thể thao hay các hoạt động mang lại sự tự tin và năng động cho bạn\nThiết kế áo dáng trơn đơn g', 'Không', 'PT', 333, 'False', '/dist/img/'),
(49, 'Áo thun nam nữ in chuột 3D Phi Mã ', 1, 'Việt Nam', 185000, 100000, 'Áo thun nam nữ in chuột 3D Phi Mã: Chất liệu cotton mềm mại, thoáng mát, thấm hút tốt, không lo hầm bí khi mặc, cho bạn thêm thoải mái khi vận động. Thiết kế cổ tròn, tay ngắn mang lại cho bạn nét phong cách, trẻ trung và hiện đại', 1, 'true', 'Áo thun nam nữ in chuột 3D Phi Mã có thiết kế cổ tròn, tay ngắn mang lại cho bạn nét phong cách, trẻ trung và hiện đại\nForm áo ôm vừa vặn thoải mái khi mặc chơi thể thao hay các hoạt động mang lại sự tự tin và năng động cho bạn\nThiết kế áo dáng trơn đơn g', 'Không', 'PT', 333, 'False', '/dist/img/');

-- 
-- Dumping data for table chitietdathang
--
INSERT INTO chitietdathang(MaDonHang, MaHangHoa, DonGia, SoLuong, ThanhTien, GhiChu, HangHoa) VALUES
(293, 1, 150000, 1, 150000, 'Không', 'Quần short jean nam đơn giản'),
(294, 2, 100000, 1, 100000, 'Không', 'Áo thun nam nữ in chuột 3D Phi Mã '),
(291, 26, 185000, 1, 185000, 'Không', 'Áo thun nam nữ in chuột 3D Phi Mã '),
(292, 26, 185000, 1, 185000, 'Không', 'Áo thun nam nữ in chuột 3D Phi Mã ');

-- 
-- Dumping data for table hinhanh
--
INSERT INTO hinhanh(MaHinh, Mahang, FileHinh) VALUES
(1, 1, '/dist/img/1-1.jpg'),
(2, 1, '/dist/img/1-2.jpg'),
(3, 1, '/dist/img/1-3.jpg'),
(4, 2, '/dist/img/1-1.jpg'),
(5, 2, '/dist/img/1-2.jpg'),
(6, 2, '/dist/img/1-3.jpg'),
(7, 3, '/dist/img/1-1.jpg'),
(8, 3, '/dist/img/1-2.jpg'),
(9, 3, '/dist/img/1-3.jpg'),
(10, 4, '/dist/img/1-1.jpg'),
(11, 4, '/dist/img/1-2.jpg'),
(12, 4, '/dist/img/1-3.jpg'),
(13, 5, '/dist/img/1-1.jpg'),
(14, 5, '/dist/img/1-2.jpg'),
(15, 5, '/dist/img/1-3.jpg'),
(16, 6, '/dist/img/1-1.jpg'),
(17, 6, '/dist/img/1-2.jpg'),
(18, 6, '/dist/img/1-3.jpg'),
(19, 7, '/dist/img/1-1.jpg'),
(20, 7, '/dist/img/1-2.jpg'),
(21, 7, '/dist/img/1-3.jpg'),
(22, 8, '/dist/img/1-1.jpg'),
(23, 8, '/dist/img/1-2.jpg'),
(24, 8, '/dist/img/1-3.jpg'),
(25, 9, '/dist/img/1-1.jpg'),
(26, 9, '/dist/img/1-2.jpg'),
(27, 9, '/dist/img/1-3.jpg'),
(28, 10, '/dist/img/1-1.jpg'),
(29, 10, '/dist/img/1-2.jpg'),
(30, 10, '/dist/img/1-3.jpg'),
(31, 11, '/dist/img/1-1.jpg'),
(32, 11, '/dist/img/1-2.jpg'),
(33, 11, '/dist/img/1-3.jpg'),
(34, 12, '/dist/img/1-1.jpg'),
(35, 12, '/dist/img/1-2.jpg'),
(36, 12, '/dist/img/1-3.jpg'),
(37, 13, '/dist/img/1-1.jpg'),
(38, 13, '/dist/img/1-2.jpg'),
(39, 13, '/dist/img/1-3.jpg'),
(40, 14, '/dist/img/1-1.jpg'),
(41, 14, '/dist/img/1-2.jpg'),
(42, 14, '/dist/img/1-3.jpg'),
(43, 15, '/dist/img/1-1.jpg'),
(44, 15, '/dist/img/1-2.jpg'),
(45, 15, '/dist/img/1-3.jpg'),
(46, 16, '/dist/img/1-1.jpg'),
(47, 16, '/dist/img/1-2.jpg'),
(48, 16, '/dist/img/1-3.jpg'),
(49, 17, '/dist/img/1-1.jpg'),
(50, 17, '/dist/img/1-2.jpg'),
(51, 17, '/dist/img/1-3.jpg'),
(52, 18, '/dist/img/1-1.jpg'),
(53, 18, '/dist/img/1-2.jpg'),
(54, 18, '/dist/img/1-3.jpg'),
(55, 19, '/dist/img/1-1.jpg'),
(56, 19, '/dist/img/1-2.jpg'),
(57, 19, '/dist/img/1-3.jpg'),
(58, 20, '/dist/img/1-1.jpg'),
(59, 20, '/dist/img/1-2.jpg'),
(60, 20, '/dist/img/1-3.jpg'),
(61, 21, '/dist/img/1-1.jpg'),
(62, 21, '/dist/img/1-2.jpg'),
(63, 21, '/dist/img/1-3.jpg'),
(64, 22, '/dist/img/1-1.jpg'),
(65, 22, '/dist/img/1-2.jpg'),
(66, 22, '/dist/img/1-3.jpg'),
(67, 23, '/dist/img/1-1.jpg'),
(68, 23, '/dist/img/1-2.jpg'),
(69, 23, '/dist/img/1-3.jpg'),
(70, 24, '/dist/img/1-1.jpg'),
(71, 24, '/dist/img/1-2.jpg'),
(72, 24, '/dist/img/1-3.jpg'),
(77, 26, '/dist/img/1-2.jpg'),
(78, 26, '/dist/img/1-3.jpg'),
(79, 26, '/dist/img/1-1.jpg'),
(80, 27, '/dist/img/1-2.jpg'),
(81, 27, '/dist/img/1-3.jpg'),
(82, 27, '/dist/img/1-1.jpg'),
(83, 28, '/dist/img/1-2.jpg'),
(84, 28, '/dist/img/1-3.jpg'),
(85, 28, '/dist/img/1-1.jpg'),
(86, 29, '/dist/img/1-2.jpg'),
(87, 29, '/dist/img/1-3.jpg'),
(88, 29, '/dist/img/1-1.jpg'),
(89, 30, '/dist/img/1-2.jpg'),
(90, 30, '/dist/img/1-3.jpg'),
(91, 30, '/dist/img/1-1.jpg'),
(92, 31, '/dist/img/1-2.jpg'),
(93, 31, '/dist/img/1-3.jpg'),
(94, 31, '/dist/img/1-1.jpg'),
(95, 32, '/dist/img/1-2.jpg'),
(96, 32, '/dist/img/1-3.jpg'),
(97, 32, '/dist/img/1-1.jpg'),
(98, 33, '/dist/img/1-2.jpg'),
(99, 33, '/dist/img/1-3.jpg'),
(100, 33, '/dist/img/1-1.jpg'),
(101, 34, '/dist/img/1-2.jpg'),
(102, 34, '/dist/img/1-3.jpg'),
(103, 34, '/dist/img/1-1.jpg'),
(104, 35, '/dist/img/1-2.jpg'),
(105, 35, '/dist/img/1-3.jpg'),
(106, 35, '/dist/img/1-1.jpg'),
(107, 36, '/dist/img/1-2.jpg'),
(108, 36, '/dist/img/1-3.jpg'),
(109, 36, '/dist/img/1-1.jpg'),
(110, 37, '/dist/img/1-2.jpg'),
(111, 37, '/dist/img/1-3.jpg'),
(112, 37, '/dist/img/1-1.jpg'),
(113, 38, '/dist/img/1-2.jpg'),
(114, 38, '/dist/img/1-3.jpg'),
(115, 38, '/dist/img/1-1.jpg'),
(116, 39, '/dist/img/1-2.jpg'),
(117, 39, '/dist/img/1-3.jpg'),
(118, 39, '/dist/img/1-1.jpg'),
(119, 40, '/dist/img/1-2.jpg'),
(120, 40, '/dist/img/1-3.jpg'),
(121, 40, '/dist/img/1-1.jpg'),
(122, 41, '/dist/img/1-2.jpg'),
(123, 41, '/dist/img/1-3.jpg'),
(124, 41, '/dist/img/1-1.jpg'),
(125, 42, '/dist/img/1-2.jpg'),
(126, 42, '/dist/img/1-3.jpg'),
(127, 42, '/dist/img/1-1.jpg'),
(128, 43, '/dist/img/1-2.jpg'),
(129, 43, '/dist/img/1-3.jpg'),
(130, 43, '/dist/img/1-1.jpg'),
(131, 44, '/dist/img/1-2.jpg'),
(132, 44, '/dist/img/1-3.jpg'),
(133, 44, '/dist/img/1-1.jpg'),
(134, 45, '/dist/img/1-2.jpg'),
(135, 45, '/dist/img/1-3.jpg'),
(136, 45, '/dist/img/1-1.jpg'),
(137, 46, '/dist/img/1-2.jpg'),
(138, 46, '/dist/img/1-3.jpg'),
(139, 46, '/dist/img/1-1.jpg'),
(140, 47, '/dist/img/1-2.jpg'),
(141, 47, '/dist/img/1-3.jpg'),
(142, 47, '/dist/img/1-1.jpg'),
(143, 48, '/dist/img/1-2.jpg'),
(144, 48, '/dist/img/1-3.jpg'),
(145, 48, '/dist/img/1-1.jpg'),
(146, 49, '/dist/img/1-2.jpg'),
(147, 49, '/dist/img/1-3.jpg'),
(148, 49, '/dist/img/1-1.jpg');

-- 
-- Restore previous SQL mode
-- 
/*!40101 SET SQL_MODE=@OLD_SQL_MODE */;

-- 
-- Enable foreign keys
-- 
/*!40014 SET FOREIGN_KEY_CHECKS=@OLD_FOREIGN_KEY_CHECKS */;